{
  "da656656-62c8-4209-a23c-4e4b121d1581": {
    "session_id": "da656656-62c8-4209-a23c-4e4b121d1581",
    "lesson_id": 1,
    "start_time": 1783918395.3984337,
    "end_time": 1783918395.3984337,
    "attempts": 1
  },
  "ed173561-4721-4968-9b12-4a1a76bb4b46": {
    "session_id": "ed173561-4721-4968-9b12-4a1a76bb4b46",
    "lesson_id": 3,
    "start_time": 1783918769.7320526,
    "end_time": 1783918893.5869453,
    "attempts": 1
  }
}