{
  "experiment_id": "experiment_001",
  "status": "complete",
  "metrics": {
    "accuracy": 0.9875264057941857,
    "precision": 0.9876293735047451,
    "recall": 0.9875264057941857,
    "f1_score": 0.9875268446393632,
    "training_time_seconds": 44.9233
  }
}